"TimestampLSL_s","Marker"
"6441.626997025403","{""event"":""EXP_START"",""participant"":114,""block"":1,""lsl_time_s"":6441.627016}"
"6441.631527625359","{""event"":""BLOCK_START"",""participant"":114,""block"":1,""lsl_time_s"":6441.631546}"
"6441.734156024352","{""event"":""first_trial_start"",""participant"":114,""block"":1,""trialIndex"":0,""lsl_time_s"":6441.734175}"
"6441.734156024352","{""event"":""trial_onset"",""participant"":114,""block"":1,""trial"":0,""stimulus"":""target"",""lsl_t"":6441.734175}"
"6443.842020503674","{""event"":""trial_onset"",""participant"":114,""block"":1,""trial"":1,""stimulus"":""target"",""lsl_t"":6443.842039}"
"6445.951717282977","{""event"":""trial_onset"",""participant"":114,""block"":1,""trial"":2,""stimulus"":""target"",""lsl_t"":6445.951736}"
"6448.056313662331","{""event"":""trial_onset"",""participant"":114,""block"":1,""trial"":3,""stimulus"":""target"",""lsl_t"":6448.056333}"
"6450.165093841644","{""event"":""trial_onset"",""participant"":114,""block"":1,""trial"":4,""stimulus"":""target"",""lsl_t"":6450.165113}"
"6452.269507121","{""event"":""trial_onset"",""participant"":114,""block"":1,""trial"":5,""stimulus"":""target"",""lsl_t"":6452.269526}"
"6454.379248700303","{""event"":""trial_onset"",""participant"":114,""block"":1,""trial"":6,""stimulus"":""target"",""lsl_t"":6454.379268}"
"6456.485078179644","{""event"":""trial_onset"",""participant"":114,""block"":1,""trial"":7,""stimulus"":""target"",""lsl_t"":6456.485097}"
"6458.5919959589755","{""event"":""trial_onset"",""participant"":114,""block"":1,""trial"":8,""stimulus"":""nonTarget"",""lsl_t"":6458.592015}"
"6460.701572538281","{""event"":""trial_onset"",""participant"":114,""block"":1,""trial"":9,""stimulus"":""nonTarget"",""lsl_t"":6460.701592}"
"6462.809912917598","{""event"":""trial_onset"",""participant"":114,""block"":1,""trial"":10,""stimulus"":""nonTarget"",""lsl_t"":6462.809932}"
"6464.914518796952","{""event"":""trial_onset"",""participant"":114,""block"":1,""trial"":11,""stimulus"":""target"",""lsl_t"":6464.914538}"
"6467.020098476295","{""event"":""trial_onset"",""participant"":114,""block"":1,""trial"":12,""stimulus"":""nonTarget"",""lsl_t"":6467.020118}"
"6469.125568655641","{""event"":""trial_onset"",""participant"":114,""block"":1,""trial"":13,""stimulus"":""target"",""lsl_t"":6469.125588}"
"6471.233502134961","{""event"":""trial_onset"",""participant"":114,""block"":1,""trial"":14,""stimulus"":""target"",""lsl_t"":6471.233521}"
"6473.340977714286","{""event"":""trial_onset"",""participant"":114,""block"":1,""trial"":15,""stimulus"":""nonTarget"",""lsl_t"":6473.340997}"
"6475.452702993571","{""event"":""trial_onset"",""participant"":114,""block"":1,""trial"":16,""stimulus"":""target"",""lsl_t"":6475.452722}"
"6477.558131172917","{""event"":""trial_onset"",""participant"":114,""block"":1,""trial"":17,""stimulus"":""nonTarget"",""lsl_t"":6477.558150}"
"6479.664405952253","{""event"":""trial_onset"",""participant"":114,""block"":1,""trial"":18,""stimulus"":""nonTarget"",""lsl_t"":6479.664425}"
"6481.772673931571","{""event"":""trial_onset"",""participant"":114,""block"":1,""trial"":19,""stimulus"":""nonTarget"",""lsl_t"":6481.772693}"
"6483.882067510878","{""event"":""trial_onset"",""participant"":114,""block"":1,""trial"":20,""stimulus"":""target"",""lsl_t"":6483.882087}"
"6485.991230490186","{""event"":""trial_onset"",""participant"":114,""block"":1,""trial"":21,""stimulus"":""target"",""lsl_t"":6485.991250}"
"6488.09590336954","{""event"":""trial_onset"",""participant"":114,""block"":1,""trial"":22,""stimulus"":""target"",""lsl_t"":6488.095923}"
"6490.203768148861","{""event"":""trial_onset"",""participant"":114,""block"":1,""trial"":23,""stimulus"":""target"",""lsl_t"":6490.203787}"
"6492.3099226282","{""event"":""trial_onset"",""participant"":114,""block"":1,""trial"":24,""stimulus"":""target"",""lsl_t"":6492.309942}"
"6494.41790180752","{""event"":""trial_onset"",""participant"":114,""block"":1,""trial"":25,""stimulus"":""target"",""lsl_t"":6494.417921}"
"6496.523541186863","{""event"":""trial_onset"",""participant"":114,""block"":1,""trial"":26,""stimulus"":""nonTarget"",""lsl_t"":6496.523561}"
"6498.632248566178","{""event"":""trial_onset"",""participant"":114,""block"":1,""trial"":27,""stimulus"":""target"",""lsl_t"":6498.632268}"
"6500.738819645511","{""event"":""trial_onset"",""participant"":114,""block"":1,""trial"":28,""stimulus"":""target"",""lsl_t"":6500.738839}"
"6502.845841724841","{""event"":""trial_onset"",""participant"":114,""block"":1,""trial"":29,""stimulus"":""target"",""lsl_t"":6502.845861}"
"6504.955599804144","{""event"":""trial_onset"",""participant"":114,""block"":1,""trial"":30,""stimulus"":""nonTarget"",""lsl_t"":6504.955619}"
"6507.06311578347","{""event"":""trial_onset"",""participant"":114,""block"":1,""trial"":31,""stimulus"":""target"",""lsl_t"":6507.063135}"
"6509.1732144627695","{""event"":""trial_onset"",""participant"":114,""block"":1,""trial"":32,""stimulus"":""nonTarget"",""lsl_t"":6509.173234}"
"6511.280217042099","{""event"":""trial_onset"",""participant"":114,""block"":1,""trial"":33,""stimulus"":""target"",""lsl_t"":6511.280237}"
"6513.384552321456","{""event"":""trial_onset"",""participant"":114,""block"":1,""trial"":34,""stimulus"":""target"",""lsl_t"":6513.384572}"
"6515.4933308007685","{""event"":""trial_onset"",""participant"":114,""block"":1,""trial"":35,""stimulus"":""target"",""lsl_t"":6515.493350}"
"6517.6007087800945","{""event"":""trial_onset"",""participant"":114,""block"":1,""trial"":36,""stimulus"":""target"",""lsl_t"":6517.600728}"
"6519.707367559428","{""event"":""trial_onset"",""participant"":114,""block"":1,""trial"":37,""stimulus"":""target"",""lsl_t"":6519.707387}"
"6521.816512838737","{""event"":""trial_onset"",""participant"":114,""block"":1,""trial"":38,""stimulus"":""target"",""lsl_t"":6521.816532}"
"6523.925859018044","{""event"":""trial_onset"",""participant"":114,""block"":1,""trial"":39,""stimulus"":""target"",""lsl_t"":6523.925879}"
"6526.035542797349","{""event"":""trial_onset"",""participant"":114,""block"":1,""trial"":40,""stimulus"":""target"",""lsl_t"":6526.035562}"
"6528.140715976697","{""event"":""trial_onset"",""participant"":114,""block"":1,""trial"":41,""stimulus"":""target"",""lsl_t"":6528.140736}"
"6530.251215155992","{""event"":""trial_onset"",""participant"":114,""block"":1,""trial"":42,""stimulus"":""nonTarget"",""lsl_t"":6530.251235}"
"6532.362443235281","{""event"":""trial_onset"",""participant"":114,""block"":1,""trial"":43,""stimulus"":""target"",""lsl_t"":6532.362463}"
"6534.464772914656","{""event"":""trial_onset"",""participant"":114,""block"":1,""trial"":44,""stimulus"":""target"",""lsl_t"":6534.464793}"
"6536.572047893985","{""event"":""trial_onset"",""participant"":114,""block"":1,""trial"":45,""stimulus"":""nonTarget"",""lsl_t"":6536.572068}"
"6538.67746967333","{""event"":""trial_onset"",""participant"":114,""block"":1,""trial"":46,""stimulus"":""nonTarget"",""lsl_t"":6538.677489}"
"6540.78758875263","{""event"":""trial_onset"",""participant"":114,""block"":1,""trial"":47,""stimulus"":""nonTarget"",""lsl_t"":6540.787609}"
"6542.899575631911","{""event"":""trial_onset"",""participant"":114,""block"":1,""trial"":48,""stimulus"":""target"",""lsl_t"":6542.899595}"
"6545.005128911255","{""event"":""trial_onset"",""participant"":114,""block"":1,""trial"":49,""stimulus"":""target"",""lsl_t"":6545.005149}"
"6547.111314590593","{""event"":""trial_onset"",""participant"":114,""block"":1,""trial"":50,""stimulus"":""target"",""lsl_t"":6547.111334}"
"6549.216853169938","{""event"":""trial_onset"",""participant"":114,""block"":1,""trial"":51,""stimulus"":""nonTarget"",""lsl_t"":6549.216873}"
"6551.323883649267","{""event"":""trial_onset"",""participant"":114,""block"":1,""trial"":52,""stimulus"":""target"",""lsl_t"":6551.323904}"
"6553.4306100286","{""event"":""trial_onset"",""participant"":114,""block"":1,""trial"":53,""stimulus"":""target"",""lsl_t"":6553.430630}"
"6555.536150007944","{""event"":""trial_onset"",""participant"":114,""block"":1,""trial"":54,""stimulus"":""target"",""lsl_t"":6555.536170}"
"6557.641781687288","{""event"":""trial_onset"",""participant"":114,""block"":1,""trial"":55,""stimulus"":""target"",""lsl_t"":6557.641802}"
"6559.75273416658","{""event"":""trial_onset"",""participant"":114,""block"":1,""trial"":56,""stimulus"":""target"",""lsl_t"":6559.752754}"
"6561.866812545841","{""event"":""trial_onset"",""participant"":114,""block"":1,""trial"":57,""stimulus"":""target"",""lsl_t"":6561.866833}"
"6563.977067125139","{""event"":""trial_onset"",""participant"":114,""block"":1,""trial"":58,""stimulus"":""nonTarget"",""lsl_t"":6563.977087}"
"6566.08300190448","{""event"":""trial_onset"",""participant"":114,""block"":1,""trial"":59,""stimulus"":""target"",""lsl_t"":6566.083022}"
"6568.191459583795","{""event"":""trial_onset"",""participant"":114,""block"":1,""trial"":60,""stimulus"":""nonTarget"",""lsl_t"":6568.191480}"
"6570.298743363122","{""event"":""trial_onset"",""participant"":114,""block"":1,""trial"":61,""stimulus"":""target"",""lsl_t"":6570.298763}"
"6572.40287774248","{""event"":""trial_onset"",""participant"":114,""block"":1,""trial"":62,""stimulus"":""target"",""lsl_t"":6572.402898}"
"6574.510534521805","{""event"":""trial_onset"",""participant"":114,""block"":1,""trial"":63,""stimulus"":""target"",""lsl_t"":6574.510555}"
"6576.618755401123","{""event"":""trial_onset"",""participant"":114,""block"":1,""trial"":64,""stimulus"":""target"",""lsl_t"":6576.618776}"
"6578.723167380478","{""event"":""trial_onset"",""participant"":114,""block"":1,""trial"":65,""stimulus"":""target"",""lsl_t"":6578.723188}"
"6580.831855459792","{""event"":""trial_onset"",""participant"":114,""block"":1,""trial"":66,""stimulus"":""target"",""lsl_t"":6580.831876}"
"6582.938958539121","{""event"":""trial_onset"",""participant"":114,""block"":1,""trial"":67,""stimulus"":""target"",""lsl_t"":6582.938979}"
"6585.043164018478","{""event"":""trial_onset"",""participant"":114,""block"":1,""trial"":68,""stimulus"":""target"",""lsl_t"":6585.043184}"
"6587.14999399781","{""event"":""trial_onset"",""participant"":114,""block"":1,""trial"":69,""stimulus"":""nonTarget"",""lsl_t"":6587.150014}"
"6589.260803277103","{""event"":""trial_onset"",""participant"":114,""block"":1,""trial"":70,""stimulus"":""target"",""lsl_t"":6589.260824}"
"6591.365531456455","{""event"":""trial_onset"",""participant"":114,""block"":1,""trial"":71,""stimulus"":""target"",""lsl_t"":6591.365552}"
"6593.473340835778","{""event"":""trial_onset"",""participant"":114,""block"":1,""trial"":72,""stimulus"":""target"",""lsl_t"":6593.473361}"
"6595.579656115115","{""event"":""trial_onset"",""participant"":114,""block"":1,""trial"":73,""stimulus"":""target"",""lsl_t"":6595.579676}"
"6597.688609794426","{""event"":""trial_onset"",""participant"":114,""block"":1,""trial"":74,""stimulus"":""target"",""lsl_t"":6597.688630}"
"6599.797076573741","{""event"":""trial_onset"",""participant"":114,""block"":1,""trial"":75,""stimulus"":""target"",""lsl_t"":6599.797097}"
"6601.904101953071","{""event"":""trial_onset"",""participant"":114,""block"":1,""trial"":76,""stimulus"":""target"",""lsl_t"":6601.904122}"
"6604.011494332397","{""event"":""trial_onset"",""participant"":114,""block"":1,""trial"":77,""stimulus"":""nonTarget"",""lsl_t"":6604.011515}"
"6606.11931131172","{""event"":""trial_onset"",""participant"":114,""block"":1,""trial"":78,""stimulus"":""target"",""lsl_t"":6606.119332}"
"6608.22629999105","{""event"":""trial_onset"",""participant"":114,""block"":1,""trial"":79,""stimulus"":""target"",""lsl_t"":6608.226320}"
"6610.335209370362","{""event"":""trial_onset"",""participant"":114,""block"":1,""trial"":80,""stimulus"":""target"",""lsl_t"":6610.335230}"
"6612.445315849661","{""event"":""trial_onset"",""participant"":114,""block"":1,""trial"":81,""stimulus"":""target"",""lsl_t"":6612.445336}"
"6614.5543801289705","{""event"":""trial_onset"",""participant"":114,""block"":1,""trial"":82,""stimulus"":""nonTarget"",""lsl_t"":6614.554401}"
"6616.666677608249","{""event"":""trial_onset"",""participant"":114,""block"":1,""trial"":83,""stimulus"":""target"",""lsl_t"":6616.666698}"
"6618.774949487567","{""event"":""trial_onset"",""participant"":114,""block"":1,""trial"":84,""stimulus"":""target"",""lsl_t"":6618.774970}"
"6620.881418966902","{""event"":""trial_onset"",""participant"":114,""block"":1,""trial"":85,""stimulus"":""target"",""lsl_t"":6620.881440}"
"6622.985834746258","{""event"":""trial_onset"",""participant"":114,""block"":1,""trial"":86,""stimulus"":""target"",""lsl_t"":6622.985855}"
"6625.092497725591","{""event"":""trial_onset"",""participant"":114,""block"":1,""trial"":87,""stimulus"":""target"",""lsl_t"":6625.092518}"
"6627.199334604923","{""event"":""trial_onset"",""participant"":114,""block"":1,""trial"":88,""stimulus"":""target"",""lsl_t"":6627.199355}"
"6629.303919284276","{""event"":""trial_onset"",""participant"":114,""block"":1,""trial"":89,""stimulus"":""target"",""lsl_t"":6629.303940}"
"6631.408726863628","{""event"":""trial_onset"",""participant"":114,""block"":1,""trial"":90,""stimulus"":""target"",""lsl_t"":6631.408748}"
"6633.5140683429745","{""event"":""trial_onset"",""participant"":114,""block"":1,""trial"":91,""stimulus"":""target"",""lsl_t"":6633.514089}"
"6635.6203447223115","{""event"":""trial_onset"",""participant"":114,""block"":1,""trial"":92,""stimulus"":""target"",""lsl_t"":6635.620365}"
"6637.731756701599","{""event"":""trial_onset"",""participant"":114,""block"":1,""trial"":93,""stimulus"":""target"",""lsl_t"":6637.731777}"
"6639.838004780936","{""event"":""trial_onset"",""participant"":114,""block"":1,""trial"":94,""stimulus"":""target"",""lsl_t"":6639.838026}"
"6641.943081360285","{""event"":""trial_onset"",""participant"":114,""block"":1,""trial"":95,""stimulus"":""target"",""lsl_t"":6641.943102}"
"6644.049244739624","{""event"":""trial_onset"",""participant"":114,""block"":1,""trial"":96,""stimulus"":""nonTarget"",""lsl_t"":6644.049266}"
"6646.161859318899","{""event"":""trial_onset"",""participant"":114,""block"":1,""trial"":97,""stimulus"":""target"",""lsl_t"":6646.161880}"
"6648.267858198239","{""event"":""trial_onset"",""participant"":114,""block"":1,""trial"":98,""stimulus"":""nonTarget"",""lsl_t"":6648.267879}"
"6650.374387077573","{""event"":""trial_onset"",""participant"":114,""block"":1,""trial"":99,""stimulus"":""target"",""lsl_t"":6650.374408}"
"6652.481197356905","{""event"":""trial_onset"",""participant"":114,""block"":1,""trial"":100,""stimulus"":""target"",""lsl_t"":6652.481218}"
"6654.583105436285","{""event"":""trial_onset"",""participant"":114,""block"":1,""trial"":101,""stimulus"":""target"",""lsl_t"":6654.583126}"
"6656.687925715637","{""event"":""trial_onset"",""participant"":114,""block"":1,""trial"":102,""stimulus"":""target"",""lsl_t"":6656.687947}"
"6658.79359339498","{""event"":""trial_onset"",""participant"":114,""block"":1,""trial"":103,""stimulus"":""target"",""lsl_t"":6658.793614}"
"6660.898631274329","{""event"":""trial_onset"",""participant"":114,""block"":1,""trial"":104,""stimulus"":""target"",""lsl_t"":6660.898652}"
"6663.010340553614","{""event"":""trial_onset"",""participant"":114,""block"":1,""trial"":105,""stimulus"":""target"",""lsl_t"":6663.010362}"
"6665.119506032922","{""event"":""trial_onset"",""participant"":114,""block"":1,""trial"":106,""stimulus"":""target"",""lsl_t"":6665.119527}"
"6667.229517112223","{""event"":""trial_onset"",""participant"":114,""block"":1,""trial"":107,""stimulus"":""target"",""lsl_t"":6667.229538}"
"6669.337232491546","{""event"":""trial_onset"",""participant"":114,""block"":1,""trial"":108,""stimulus"":""target"",""lsl_t"":6669.337254}"
"6671.444133970877","{""event"":""trial_onset"",""participant"":114,""block"":1,""trial"":109,""stimulus"":""target"",""lsl_t"":6671.444155}"
"6673.54889455023","{""event"":""trial_onset"",""participant"":114,""block"":1,""trial"":110,""stimulus"":""nonTarget"",""lsl_t"":6673.548916}"
"6675.651224929606","{""event"":""trial_onset"",""participant"":114,""block"":1,""trial"":111,""stimulus"":""target"",""lsl_t"":6675.651246}"
"6677.759456208923","{""event"":""trial_onset"",""participant"":114,""block"":1,""trial"":112,""stimulus"":""target"",""lsl_t"":6677.759477}"
"6679.866509788253","{""event"":""trial_onset"",""participant"":114,""block"":1,""trial"":113,""stimulus"":""target"",""lsl_t"":6679.866531}"
"6681.973448267584","{""event"":""trial_onset"",""participant"":114,""block"":1,""trial"":114,""stimulus"":""nonTarget"",""lsl_t"":6681.973469}"
"6684.080449846914","{""event"":""trial_onset"",""participant"":114,""block"":1,""trial"":115,""stimulus"":""target"",""lsl_t"":6684.080471}"
"6686.18476522627","{""event"":""trial_onset"",""participant"":114,""block"":1,""trial"":116,""stimulus"":""target"",""lsl_t"":6686.184786}"
"6688.292036105598","{""event"":""trial_onset"",""participant"":114,""block"":1,""trial"":117,""stimulus"":""nonTarget"",""lsl_t"":6688.292057}"
"6690.399774884921","{""event"":""trial_onset"",""participant"":114,""block"":1,""trial"":118,""stimulus"":""target"",""lsl_t"":6690.399796}"
"6692.50379406428","{""event"":""trial_onset"",""participant"":114,""block"":1,""trial"":119,""stimulus"":""target"",""lsl_t"":6692.503815}"
"6694.610325743614","{""event"":""trial_onset"",""participant"":114,""block"":1,""trial"":120,""stimulus"":""target"",""lsl_t"":6694.610347}"
"6696.714030322977","{""event"":""trial_onset"",""participant"":114,""block"":1,""trial"":121,""stimulus"":""target"",""lsl_t"":6696.714052}"
"6698.819472402322","{""event"":""trial_onset"",""participant"":114,""block"":1,""trial"":122,""stimulus"":""target"",""lsl_t"":6698.819494}"
"6700.929557181623","{""event"":""trial_onset"",""participant"":114,""block"":1,""trial"":123,""stimulus"":""target"",""lsl_t"":6700.929579}"
"6703.039122260928","{""event"":""trial_onset"",""participant"":114,""block"":1,""trial"":124,""stimulus"":""nonTarget"",""lsl_t"":6703.039144}"
"6705.14990344022","{""event"":""trial_onset"",""participant"":114,""block"":1,""trial"":125,""stimulus"":""target"",""lsl_t"":6705.149925}"
"6707.257703419543","{""event"":""trial_onset"",""participant"":114,""block"":1,""trial"":126,""stimulus"":""target"",""lsl_t"":6707.257725}"
"6709.360849498911","{""event"":""trial_onset"",""participant"":114,""block"":1,""trial"":127,""stimulus"":""target"",""lsl_t"":6709.360871}"
"6711.465832078261","{""event"":""trial_onset"",""participant"":114,""block"":1,""trial"":128,""stimulus"":""target"",""lsl_t"":6711.465854}"
"6713.570205457617","{""event"":""trial_onset"",""participant"":114,""block"":1,""trial"":129,""stimulus"":""target"",""lsl_t"":6713.570227}"
"6715.679434736925","{""event"":""trial_onset"",""participant"":114,""block"":1,""trial"":130,""stimulus"":""target"",""lsl_t"":6715.679456}"
"6717.783307616286","{""event"":""trial_onset"",""participant"":114,""block"":1,""trial"":131,""stimulus"":""target"",""lsl_t"":6717.783329}"
"6719.892273995597","{""event"":""trial_onset"",""participant"":114,""block"":1,""trial"":132,""stimulus"":""target"",""lsl_t"":6719.892296}"
"6721.998213074937","{""event"":""trial_onset"",""participant"":114,""block"":1,""trial"":133,""stimulus"":""nonTarget"",""lsl_t"":6721.998235}"
"6724.104719654272","{""event"":""trial_onset"",""participant"":114,""block"":1,""trial"":134,""stimulus"":""target"",""lsl_t"":6724.104741}"
"6726.20889683363","{""event"":""trial_onset"",""participant"":114,""block"":1,""trial"":135,""stimulus"":""nonTarget"",""lsl_t"":6726.208918}"
"6728.314520912974","{""event"":""trial_onset"",""participant"":114,""block"":1,""trial"":136,""stimulus"":""target"",""lsl_t"":6728.314543}"
"6730.4192850923255","{""event"":""trial_onset"",""participant"":114,""block"":1,""trial"":137,""stimulus"":""target"",""lsl_t"":6730.419307}"
"6732.523405871684","{""event"":""trial_onset"",""participant"":114,""block"":1,""trial"":138,""stimulus"":""nonTarget"",""lsl_t"":6732.523428}"
"6734.630912951009","{""event"":""trial_onset"",""participant"":114,""block"":1,""trial"":139,""stimulus"":""target"",""lsl_t"":6734.630935}"
"6736.735723030361","{""event"":""trial_onset"",""participant"":114,""block"":1,""trial"":140,""stimulus"":""target"",""lsl_t"":6736.735745}"
"6738.842081809697","{""event"":""trial_onset"",""participant"":114,""block"":1,""trial"":141,""stimulus"":""target"",""lsl_t"":6738.842104}"
"6740.9495801890225","{""event"":""trial_onset"",""participant"":114,""block"":1,""trial"":142,""stimulus"":""target"",""lsl_t"":6740.949602}"
"6743.055031468368","{""event"":""trial_onset"",""participant"":114,""block"":1,""trial"":143,""stimulus"":""nonTarget"",""lsl_t"":6743.055053}"
"6745.162321147695","{""event"":""trial_onset"",""participant"":114,""block"":1,""trial"":144,""stimulus"":""target"",""lsl_t"":6745.162343}"
"6747.270201627017","{""event"":""trial_onset"",""participant"":114,""block"":1,""trial"":145,""stimulus"":""target"",""lsl_t"":6747.270223}"
"6749.3795511063245","{""event"":""trial_onset"",""participant"":114,""block"":1,""trial"":146,""stimulus"":""nonTarget"",""lsl_t"":6749.379573}"
"6751.486815685651","{""event"":""trial_onset"",""participant"":114,""block"":1,""trial"":147,""stimulus"":""nonTarget"",""lsl_t"":6751.486838}"
"6753.592864164992","{""event"":""trial_onset"",""participant"":114,""block"":1,""trial"":148,""stimulus"":""nonTarget"",""lsl_t"":6753.592886}"
"6755.6984872443345","{""event"":""trial_onset"",""participant"":114,""block"":1,""trial"":149,""stimulus"":""target"",""lsl_t"":6755.698509}"
"6757.805748623662","{""event"":""trial_onset"",""participant"":114,""block"":1,""trial"":150,""stimulus"":""target"",""lsl_t"":6757.805771}"
"6759.912393802995","{""event"":""trial_onset"",""participant"":114,""block"":1,""trial"":151,""stimulus"":""target"",""lsl_t"":6759.912416}"
"6762.023289682288","{""event"":""trial_onset"",""participant"":114,""block"":1,""trial"":152,""stimulus"":""target"",""lsl_t"":6762.023312}"
"6764.134082661581","{""event"":""trial_onset"",""participant"":114,""block"":1,""trial"":153,""stimulus"":""target"",""lsl_t"":6764.134105}"
"6766.242701640896","{""event"":""trial_onset"",""participant"":114,""block"":1,""trial"":154,""stimulus"":""nonTarget"",""lsl_t"":6766.242724}"
"6768.3477720202445","{""event"":""trial_onset"",""participant"":114,""block"":1,""trial"":155,""stimulus"":""target"",""lsl_t"":6768.347794}"
"6770.453871599583","{""event"":""trial_onset"",""participant"":114,""block"":1,""trial"":156,""stimulus"":""target"",""lsl_t"":6770.453894}"
"6772.562742678895","{""event"":""trial_onset"",""participant"":114,""block"":1,""trial"":157,""stimulus"":""nonTarget"",""lsl_t"":6772.562765}"
"6774.667703758245","{""event"":""trial_onset"",""participant"":114,""block"":1,""trial"":158,""stimulus"":""target"",""lsl_t"":6774.667726}"
"6776.773603737586","{""event"":""trial_onset"",""participant"":114,""block"":1,""trial"":159,""stimulus"":""target"",""lsl_t"":6776.773626}"
"6778.883665216886","{""event"":""trial_onset"",""participant"":114,""block"":1,""trial"":160,""stimulus"":""target"",""lsl_t"":6778.883687}"
"6780.9934515961895","{""event"":""trial_onset"",""participant"":114,""block"":1,""trial"":161,""stimulus"":""target"",""lsl_t"":6780.993474}"
"6783.001154376493","{""event"":""BLOCK_END"",""participant"":114,""block"":1,""lsl_time_s"":6783.001177}"
"6797.74545233185","{""event"":""EXP_START"",""participant"":114,""block"":2,""lsl_time_s"":6797.745475}"
"6797.745829731846","{""event"":""BLOCK_START"",""participant"":114,""block"":2,""lsl_time_s"":6797.745852}"
"6797.847217130852","{""event"":""trial_onset"",""participant"":114,""block"":2,""trial"":0,""stimulus"":""nonTarget"",""lsl_t"":6797.847239}"
"6799.955494610169","{""event"":""trial_onset"",""participant"":114,""block"":2,""trial"":1,""stimulus"":""target"",""lsl_t"":6799.955517}"
"6802.062677989498","{""event"":""trial_onset"",""participant"":114,""block"":2,""trial"":2,""stimulus"":""target"",""lsl_t"":6802.062700}"
"6804.169115768834","{""event"":""trial_onset"",""participant"":114,""block"":2,""trial"":3,""stimulus"":""nonTarget"",""lsl_t"":6804.169138}"
"6806.273890648185","{""event"":""trial_onset"",""participant"":114,""block"":2,""trial"":4,""stimulus"":""nonTarget"",""lsl_t"":6806.273913}"
"6808.381114827514","{""event"":""trial_onset"",""participant"":114,""block"":2,""trial"":5,""stimulus"":""target"",""lsl_t"":6808.381137}"
"6810.486366706861","{""event"":""trial_onset"",""participant"":114,""block"":2,""trial"":6,""stimulus"":""target"",""lsl_t"":6810.486389}"
"6812.595173786173","{""event"":""trial_onset"",""participant"":114,""block"":2,""trial"":7,""stimulus"":""target"",""lsl_t"":6812.595196}"
"6814.701405465511","{""event"":""trial_onset"",""participant"":114,""block"":2,""trial"":8,""stimulus"":""target"",""lsl_t"":6814.701428}"
"6816.806579344859","{""event"":""trial_onset"",""participant"":114,""block"":2,""trial"":9,""stimulus"":""target"",""lsl_t"":6816.806602}"
"6818.916407124161","{""event"":""trial_onset"",""participant"":114,""block"":2,""trial"":10,""stimulus"":""target"",""lsl_t"":6818.916430}"
"6821.020708203518","{""event"":""trial_onset"",""participant"":114,""block"":2,""trial"":11,""stimulus"":""target"",""lsl_t"":6821.020731}"
"6823.127765782848","{""event"":""trial_onset"",""participant"":114,""block"":2,""trial"":12,""stimulus"":""nonTarget"",""lsl_t"":6823.127788}"
"6825.233853562187","{""event"":""trial_onset"",""participant"":114,""block"":2,""trial"":13,""stimulus"":""nonTarget"",""lsl_t"":6825.233876}"
"6827.344169141485","{""event"":""trial_onset"",""participant"":114,""block"":2,""trial"":14,""stimulus"":""target"",""lsl_t"":6827.344192}"
"6829.453075520795","{""event"":""trial_onset"",""participant"":114,""block"":2,""trial"":15,""stimulus"":""target"",""lsl_t"":6829.453098}"
"6831.559479200132","{""event"":""trial_onset"",""participant"":114,""block"":2,""trial"":16,""stimulus"":""nonTarget"",""lsl_t"":6831.559502}"
"6833.666302779463","{""event"":""trial_onset"",""participant"":114,""block"":2,""trial"":17,""stimulus"":""target"",""lsl_t"":6833.666325}"
"6835.769200058834","{""event"":""trial_onset"",""participant"":114,""block"":2,""trial"":18,""stimulus"":""target"",""lsl_t"":6835.769223}"
"6837.8756415381695","{""event"":""trial_onset"",""participant"":114,""block"":2,""trial"":19,""stimulus"":""nonTarget"",""lsl_t"":6837.875664}"
"6839.9817163175085","{""event"":""trial_onset"",""participant"":114,""block"":2,""trial"":20,""stimulus"":""target"",""lsl_t"":6839.981739}"
"6842.089248696834","{""event"":""trial_onset"",""participant"":114,""block"":2,""trial"":21,""stimulus"":""target"",""lsl_t"":6842.089271}"
"6844.19570977617","{""event"":""trial_onset"",""participant"":114,""block"":2,""trial"":22,""stimulus"":""target"",""lsl_t"":6844.195733}"
"6846.297408255551","{""event"":""trial_onset"",""participant"":114,""block"":2,""trial"":23,""stimulus"":""nonTarget"",""lsl_t"":6846.297431}"
"6848.40857383484","{""event"":""trial_onset"",""participant"":114,""block"":2,""trial"":24,""stimulus"":""target"",""lsl_t"":6848.408597}"
"6850.5160660141655","{""event"":""trial_onset"",""participant"":114,""block"":2,""trial"":25,""stimulus"":""target"",""lsl_t"":6850.516089}"
"6852.624113293486","{""event"":""trial_onset"",""participant"":114,""block"":2,""trial"":26,""stimulus"":""nonTarget"",""lsl_t"":6852.624136}"
"6854.731881572808","{""event"":""trial_onset"",""participant"":114,""block"":2,""trial"":27,""stimulus"":""target"",""lsl_t"":6854.731904}"
"6856.846127652067","{""event"":""trial_onset"",""participant"":114,""block"":2,""trial"":28,""stimulus"":""nonTarget"",""lsl_t"":6856.846151}"
"6858.954036031389","{""event"":""trial_onset"",""participant"":114,""block"":2,""trial"":29,""stimulus"":""target"",""lsl_t"":6858.954059}"
"6861.064325110687","{""event"":""trial_onset"",""participant"":114,""block"":2,""trial"":30,""stimulus"":""target"",""lsl_t"":6861.064348}"
"6863.171999390011","{""event"":""trial_onset"",""participant"":114,""block"":2,""trial"":31,""stimulus"":""target"",""lsl_t"":6863.172022}"
"6865.282994869302","{""event"":""trial_onset"",""participant"":114,""block"":2,""trial"":32,""stimulus"":""target"",""lsl_t"":6865.283018}"
"6867.3849050486815","{""event"":""trial_onset"",""participant"":114,""block"":2,""trial"":33,""stimulus"":""target"",""lsl_t"":6867.384928}"
"6869.493533627996","{""event"":""trial_onset"",""participant"":114,""block"":2,""trial"":34,""stimulus"":""target"",""lsl_t"":6869.493557}"
"6871.601649307315","{""event"":""trial_onset"",""participant"":114,""block"":2,""trial"":35,""stimulus"":""target"",""lsl_t"":6871.601672}"
"6873.70603048667","{""event"":""trial_onset"",""participant"":114,""block"":2,""trial"":36,""stimulus"":""target"",""lsl_t"":6873.706054}"
"6875.810219266028","{""event"":""trial_onset"",""participant"":114,""block"":2,""trial"":37,""stimulus"":""target"",""lsl_t"":6875.810242}"
"6877.915259045377","{""event"":""trial_onset"",""participant"":114,""block"":2,""trial"":38,""stimulus"":""nonTarget"",""lsl_t"":6877.915282}"
"6880.024634024684","{""event"":""trial_onset"",""participant"":114,""block"":2,""trial"":39,""stimulus"":""target"",""lsl_t"":6880.024657}"
"6882.131646904014","{""event"":""trial_onset"",""participant"":114,""block"":2,""trial"":40,""stimulus"":""target"",""lsl_t"":6882.131670}"
"6884.237514383356","{""event"":""trial_onset"",""participant"":114,""block"":2,""trial"":41,""stimulus"":""target"",""lsl_t"":6884.237538}"
"6886.3411165627185","{""event"":""trial_onset"",""participant"":114,""block"":2,""trial"":42,""stimulus"":""nonTarget"",""lsl_t"":6886.341140}"
"6888.444429942085","{""event"":""trial_onset"",""participant"":114,""block"":2,""trial"":43,""stimulus"":""target"",""lsl_t"":6888.444453}"
"6890.5522321214075","{""event"":""trial_onset"",""participant"":114,""block"":2,""trial"":44,""stimulus"":""nonTarget"",""lsl_t"":6890.552255}"
"6892.661613700715","{""event"":""trial_onset"",""participant"":114,""block"":2,""trial"":45,""stimulus"":""target"",""lsl_t"":6892.661637}"
"6894.769504180035","{""event"":""trial_onset"",""participant"":114,""block"":2,""trial"":46,""stimulus"":""nonTarget"",""lsl_t"":6894.769527}"
"6896.878765159344","{""event"":""trial_onset"",""participant"":114,""block"":2,""trial"":47,""stimulus"":""nonTarget"",""lsl_t"":6896.878788}"
"6898.984275338689","{""event"":""trial_onset"",""participant"":114,""block"":2,""trial"":48,""stimulus"":""target"",""lsl_t"":6898.984299}"
"6901.089714718034","{""event"":""trial_onset"",""participant"":114,""block"":2,""trial"":49,""stimulus"":""target"",""lsl_t"":6901.089738}"
"6903.198570297346","{""event"":""trial_onset"",""participant"":114,""block"":2,""trial"":50,""stimulus"":""target"",""lsl_t"":6903.198594}"
"6905.304634876685","{""event"":""trial_onset"",""participant"":114,""block"":2,""trial"":51,""stimulus"":""target"",""lsl_t"":6905.304658}"
"6907.412434856008","{""event"":""trial_onset"",""participant"":114,""block"":2,""trial"":52,""stimulus"":""target"",""lsl_t"":6907.412458}"
"6909.516428435367","{""event"":""trial_onset"",""participant"":114,""block"":2,""trial"":53,""stimulus"":""target"",""lsl_t"":6909.516452}"
"6911.621586114716","{""event"":""trial_onset"",""participant"":114,""block"":2,""trial"":54,""stimulus"":""target"",""lsl_t"":6911.621610}"
"6913.727919394052","{""event"":""trial_onset"",""participant"":114,""block"":2,""trial"":55,""stimulus"":""target"",""lsl_t"":6913.727943}"
"6915.837632473355","{""event"":""trial_onset"",""participant"":114,""block"":2,""trial"":56,""stimulus"":""target"",""lsl_t"":6915.837656}"
"6917.944628752685","{""event"":""trial_onset"",""participant"":114,""block"":2,""trial"":57,""stimulus"":""target"",""lsl_t"":6917.944652}"
"6920.05122913202","{""event"":""trial_onset"",""participant"":114,""block"":2,""trial"":58,""stimulus"":""target"",""lsl_t"":6920.051253}"
"6922.156115711371","{""event"":""trial_onset"",""participant"":114,""block"":2,""trial"":59,""stimulus"":""target"",""lsl_t"":6922.156139}"
"6924.265582790677","{""event"":""trial_onset"",""participant"":114,""block"":2,""trial"":60,""stimulus"":""target"",""lsl_t"":6924.265606}"
"6926.371170570021","{""event"":""trial_onset"",""participant"":114,""block"":2,""trial"":61,""stimulus"":""target"",""lsl_t"":6926.371194}"
"6928.480036349332","{""event"":""trial_onset"",""participant"":114,""block"":2,""trial"":62,""stimulus"":""target"",""lsl_t"":6928.480060}"
"6930.590599828628","{""event"":""trial_onset"",""participant"":114,""block"":2,""trial"":63,""stimulus"":""target"",""lsl_t"":6930.590623}"
"6932.694710807986","{""event"":""trial_onset"",""participant"":114,""block"":2,""trial"":64,""stimulus"":""target"",""lsl_t"":6932.694734}"
"6934.80031838733","{""event"":""trial_onset"",""participant"":114,""block"":2,""trial"":65,""stimulus"":""target"",""lsl_t"":6934.800342}"
"6936.908709666646","{""event"":""trial_onset"",""participant"":114,""block"":2,""trial"":66,""stimulus"":""target"",""lsl_t"":6936.908733}"
"6939.018730445947","{""event"":""trial_onset"",""participant"":114,""block"":2,""trial"":67,""stimulus"":""target"",""lsl_t"":6939.018754}"
"6941.1253470252805","{""event"":""trial_onset"",""participant"":114,""block"":2,""trial"":68,""stimulus"":""target"",""lsl_t"":6941.125371}"
"6943.234440704591","{""event"":""trial_onset"",""participant"":114,""block"":2,""trial"":69,""stimulus"":""target"",""lsl_t"":6943.234464}"
"6945.34447298389","{""event"":""trial_onset"",""participant"":114,""block"":2,""trial"":70,""stimulus"":""nonTarget"",""lsl_t"":6945.344497}"
"6947.451214863223","{""event"":""trial_onset"",""participant"":114,""block"":2,""trial"":71,""stimulus"":""target"",""lsl_t"":6947.451239}"
"6949.563202642505","{""event"":""trial_onset"",""participant"":114,""block"":2,""trial"":72,""stimulus"":""target"",""lsl_t"":6949.563226}"
"6951.670187321835","{""event"":""trial_onset"",""participant"":114,""block"":2,""trial"":73,""stimulus"":""target"",""lsl_t"":6951.670211}"
"6953.781423801124","{""event"":""trial_onset"",""participant"":114,""block"":2,""trial"":74,""stimulus"":""target"",""lsl_t"":6953.781448}"
"6955.887428180464","{""event"":""trial_onset"",""participant"":114,""block"":2,""trial"":75,""stimulus"":""target"",""lsl_t"":6955.887452}"
"6957.992355159814","{""event"":""trial_onset"",""participant"":114,""block"":2,""trial"":76,""stimulus"":""target"",""lsl_t"":6957.992379}"
"6960.098190639155","{""event"":""trial_onset"",""participant"":114,""block"":2,""trial"":77,""stimulus"":""target"",""lsl_t"":6960.098215}"
"6962.205139818487","{""event"":""trial_onset"",""participant"":114,""block"":2,""trial"":78,""stimulus"":""target"",""lsl_t"":6962.205164}"
"6964.314930897789","{""event"":""trial_onset"",""participant"":114,""block"":2,""trial"":79,""stimulus"":""target"",""lsl_t"":6964.314955}"
"6966.42181817712","{""event"":""trial_onset"",""participant"":114,""block"":2,""trial"":80,""stimulus"":""target"",""lsl_t"":6966.421842}"
"6968.527718056462","{""event"":""trial_onset"",""participant"":114,""block"":2,""trial"":81,""stimulus"":""target"",""lsl_t"":6968.527742}"
"6970.632630635811","{""event"":""trial_onset"",""participant"":114,""block"":2,""trial"":82,""stimulus"":""target"",""lsl_t"":6970.632655}"
"6972.73872531515","{""event"":""trial_onset"",""participant"":114,""block"":2,""trial"":83,""stimulus"":""nonTarget"",""lsl_t"":6972.738749}"
"6974.8469087944695","{""event"":""trial_onset"",""participant"":114,""block"":2,""trial"":84,""stimulus"":""target"",""lsl_t"":6974.846933}"
"6976.957559973764","{""event"":""trial_onset"",""participant"":114,""block"":2,""trial"":85,""stimulus"":""target"",""lsl_t"":6976.957584}"
"6979.066609053074","{""event"":""trial_onset"",""participant"":114,""block"":2,""trial"":86,""stimulus"":""target"",""lsl_t"":6979.066633}"
"6981.174206932398","{""event"":""trial_onset"",""participant"":114,""block"":2,""trial"":87,""stimulus"":""nonTarget"",""lsl_t"":6981.174231}"
"6983.282605011715","{""event"":""trial_onset"",""participant"":114,""block"":2,""trial"":88,""stimulus"":""target"",""lsl_t"":6983.282629}"
"6985.391244991028","{""event"":""trial_onset"",""participant"":114,""block"":2,""trial"":89,""stimulus"":""target"",""lsl_t"":6985.391269}"
"6987.502223970319","{""event"":""trial_onset"",""participant"":114,""block"":2,""trial"":90,""stimulus"":""target"",""lsl_t"":6987.502248}"
"6989.610708849636","{""event"":""trial_onset"",""participant"":114,""block"":2,""trial"":91,""stimulus"":""target"",""lsl_t"":6989.610733}"
"6991.714311628999","{""event"":""trial_onset"",""participant"":114,""block"":2,""trial"":92,""stimulus"":""nonTarget"",""lsl_t"":6991.714336}"
"6993.820839008333","{""event"":""trial_onset"",""participant"":114,""block"":2,""trial"":93,""stimulus"":""target"",""lsl_t"":6993.820863}"
"6995.9271554876705","{""event"":""trial_onset"",""participant"":114,""block"":2,""trial"":94,""stimulus"":""target"",""lsl_t"":6995.927180}"
"6998.032621367016","{""event"":""trial_onset"",""participant"":114,""block"":2,""trial"":95,""stimulus"":""target"",""lsl_t"":6998.032646}"
"7000.141662046326","{""event"":""trial_onset"",""participant"":114,""block"":2,""trial"":96,""stimulus"":""target"",""lsl_t"":7000.141686}"
"7002.249882625643","{""event"":""trial_onset"",""participant"":114,""block"":2,""trial"":97,""stimulus"":""target"",""lsl_t"":7002.249907}"
"7004.356580004977","{""event"":""trial_onset"",""participant"":114,""block"":2,""trial"":98,""stimulus"":""target"",""lsl_t"":7004.356604}"
"7006.467564184268","{""event"":""trial_onset"",""participant"":114,""block"":2,""trial"":99,""stimulus"":""target"",""lsl_t"":7006.467589}"
"7008.576676063577","{""event"":""trial_onset"",""participant"":114,""block"":2,""trial"":100,""stimulus"":""target"",""lsl_t"":7008.576700}"
"7010.682483042919","{""event"":""trial_onset"",""participant"":114,""block"":2,""trial"":101,""stimulus"":""target"",""lsl_t"":7010.682507}"
"7012.789719522247","{""event"":""trial_onset"",""participant"":114,""block"":2,""trial"":102,""stimulus"":""nonTarget"",""lsl_t"":7012.789744}"
"7014.893318901611","{""event"":""trial_onset"",""participant"":114,""block"":2,""trial"":103,""stimulus"":""target"",""lsl_t"":7014.893343}"
"7016.999559480949","{""event"":""trial_onset"",""participant"":114,""block"":2,""trial"":104,""stimulus"":""target"",""lsl_t"":7016.999584}"
"7019.106733760276","{""event"":""trial_onset"",""participant"":114,""block"":2,""trial"":105,""stimulus"":""target"",""lsl_t"":7019.106758}"
"7021.216667739578","{""event"":""trial_onset"",""participant"":114,""block"":2,""trial"":106,""stimulus"":""nonTarget"",""lsl_t"":7021.216692}"
"7023.324209318903","{""event"":""trial_onset"",""participant"":114,""block"":2,""trial"":107,""stimulus"":""nonTarget"",""lsl_t"":7023.324234}"
"7025.431047298234","{""event"":""trial_onset"",""participant"":114,""block"":2,""trial"":108,""stimulus"":""target"",""lsl_t"":7025.431072}"
"7027.537400777571","{""event"":""trial_onset"",""participant"":114,""block"":2,""trial"":109,""stimulus"":""nonTarget"",""lsl_t"":7027.537425}"
"7029.647076756875","{""event"":""trial_onset"",""participant"":114,""block"":2,""trial"":110,""stimulus"":""target"",""lsl_t"":7029.647101}"
"7031.754340036203","{""event"":""trial_onset"",""participant"":114,""block"":2,""trial"":111,""stimulus"":""target"",""lsl_t"":7031.754365}"
"7033.8591604155545","{""event"":""trial_onset"",""participant"":114,""block"":2,""trial"":112,""stimulus"":""target"",""lsl_t"":7033.859185}"
"7035.96869569486","{""event"":""trial_onset"",""participant"":114,""block"":2,""trial"":113,""stimulus"":""target"",""lsl_t"":7035.968720}"
"7038.073657674209","{""event"":""trial_onset"",""participant"":114,""block"":2,""trial"":114,""stimulus"":""target"",""lsl_t"":7038.073682}"
"7040.18271645352","{""event"":""trial_onset"",""participant"":114,""block"":2,""trial"":115,""stimulus"":""target"",""lsl_t"":7040.182741}"
"7042.289284032854","{""event"":""trial_onset"",""participant"":114,""block"":2,""trial"":116,""stimulus"":""nonTarget"",""lsl_t"":7042.289309}"
"7044.395391112193","{""event"":""trial_onset"",""participant"":114,""block"":2,""trial"":117,""stimulus"":""nonTarget"",""lsl_t"":7044.395416}"
"7046.499424391552","{""event"":""trial_onset"",""participant"":114,""block"":2,""trial"":118,""stimulus"":""target"",""lsl_t"":7046.499449}"
"7048.605877970887","{""event"":""trial_onset"",""participant"":114,""block"":2,""trial"":119,""stimulus"":""target"",""lsl_t"":7048.605903}"
"7050.714774950199","{""event"":""trial_onset"",""participant"":114,""block"":2,""trial"":120,""stimulus"":""target"",""lsl_t"":7050.714800}"
"7052.819360529553","{""event"":""trial_onset"",""participant"":114,""block"":2,""trial"":121,""stimulus"":""target"",""lsl_t"":7052.819385}"
"7054.926251008885","{""event"":""trial_onset"",""participant"":114,""block"":2,""trial"":122,""stimulus"":""nonTarget"",""lsl_t"":7054.926276}"
"7057.0329621882165","{""event"":""trial_onset"",""participant"":114,""block"":2,""trial"":123,""stimulus"":""target"",""lsl_t"":7057.032987}"
"7059.138066067566","{""event"":""trial_onset"",""participant"":114,""block"":2,""trial"":124,""stimulus"":""nonTarget"",""lsl_t"":7059.138091}"
"7061.248007546867","{""event"":""trial_onset"",""participant"":114,""block"":2,""trial"":125,""stimulus"":""target"",""lsl_t"":7061.248032}"
"7063.354945726198","{""event"":""trial_onset"",""participant"":114,""block"":2,""trial"":126,""stimulus"":""target"",""lsl_t"":7063.354971}"
"7065.463291605514","{""event"":""trial_onset"",""participant"":114,""block"":2,""trial"":127,""stimulus"":""nonTarget"",""lsl_t"":7065.463317}"
"7067.571325784835","{""event"":""trial_onset"",""participant"":114,""block"":2,""trial"":128,""stimulus"":""target"",""lsl_t"":7067.571351}"
"7069.676279964185","{""event"":""trial_onset"",""participant"":114,""block"":2,""trial"":129,""stimulus"":""nonTarget"",""lsl_t"":7069.676305}"
"7071.783356943514","{""event"":""trial_onset"",""participant"":114,""block"":2,""trial"":130,""stimulus"":""target"",""lsl_t"":7071.783382}"
"7073.885561022892","{""event"":""trial_onset"",""participant"":114,""block"":2,""trial"":131,""stimulus"":""target"",""lsl_t"":7073.885586}"
"7075.990476102242","{""event"":""trial_onset"",""participant"":114,""block"":2,""trial"":132,""stimulus"":""target"",""lsl_t"":7075.990501}"
"7078.097088381576","{""event"":""trial_onset"",""participant"":114,""block"":2,""trial"":133,""stimulus"":""target"",""lsl_t"":7078.097113}"
"7080.201649760929","{""event"":""trial_onset"",""participant"":114,""block"":2,""trial"":134,""stimulus"":""target"",""lsl_t"":7080.201675}"
"7082.310025040247","{""event"":""trial_onset"",""participant"":114,""block"":2,""trial"":135,""stimulus"":""target"",""lsl_t"":7082.310050}"
"7084.4168738195785","{""event"":""trial_onset"",""participant"":114,""block"":2,""trial"":136,""stimulus"":""nonTarget"",""lsl_t"":7084.416899}"
"7086.525061698897","{""event"":""trial_onset"",""participant"":114,""block"":2,""trial"":137,""stimulus"":""target"",""lsl_t"":7086.525087}"
"7088.63180417823","{""event"":""trial_onset"",""participant"":114,""block"":2,""trial"":138,""stimulus"":""target"",""lsl_t"":7088.631829}"
"7090.73881335756","{""event"":""trial_onset"",""participant"":114,""block"":2,""trial"":139,""stimulus"":""target"",""lsl_t"":7090.738839}"
"7092.84273643692","{""event"":""trial_onset"",""participant"":114,""block"":2,""trial"":140,""stimulus"":""nonTarget"",""lsl_t"":7092.842762}"
"7094.951429616233","{""event"":""trial_onset"",""participant"":114,""block"":2,""trial"":141,""stimulus"":""target"",""lsl_t"":7094.951455}"
"7097.060648695542","{""event"":""trial_onset"",""participant"":114,""block"":2,""trial"":142,""stimulus"":""target"",""lsl_t"":7097.060674}"
"7099.172203474827","{""event"":""trial_onset"",""participant"":114,""block"":2,""trial"":143,""stimulus"":""target"",""lsl_t"":7099.172229}"
"7101.2762237541865","{""event"":""trial_onset"",""participant"":114,""block"":2,""trial"":144,""stimulus"":""target"",""lsl_t"":7101.276249}"
"7103.384306633506","{""event"":""trial_onset"",""participant"":114,""block"":2,""trial"":145,""stimulus"":""target"",""lsl_t"":7103.384332}"
"7105.492805112821","{""event"":""trial_onset"",""participant"":114,""block"":2,""trial"":146,""stimulus"":""nonTarget"",""lsl_t"":7105.492830}"
"7107.598486492165","{""event"":""trial_onset"",""participant"":114,""block"":2,""trial"":147,""stimulus"":""target"",""lsl_t"":7107.598512}"
"7109.70390717151","{""event"":""trial_onset"",""participant"":114,""block"":2,""trial"":148,""stimulus"":""nonTarget"",""lsl_t"":7109.703933}"
"7111.812347250827","{""event"":""trial_onset"",""participant"":114,""block"":2,""trial"":149,""stimulus"":""target"",""lsl_t"":7111.812373}"
"7113.918650630164","{""event"":""trial_onset"",""participant"":114,""block"":2,""trial"":150,""stimulus"":""target"",""lsl_t"":7113.918676}"
"7116.026445509486","{""event"":""trial_onset"",""participant"":114,""block"":2,""trial"":151,""stimulus"":""target"",""lsl_t"":7116.026471}"
"7118.133425388816","{""event"":""trial_onset"",""participant"":114,""block"":2,""trial"":152,""stimulus"":""target"",""lsl_t"":7118.133451}"
"7120.241600068134","{""event"":""trial_onset"",""participant"":114,""block"":2,""trial"":153,""stimulus"":""target"",""lsl_t"":7120.241626}"
"7122.3495494474555","{""event"":""trial_onset"",""participant"":114,""block"":2,""trial"":154,""stimulus"":""nonTarget"",""lsl_t"":7122.349575}"
"7124.458495626767","{""event"":""trial_onset"",""participant"":114,""block"":2,""trial"":155,""stimulus"":""nonTarget"",""lsl_t"":7124.458521}"
"7126.570411006049","{""event"":""trial_onset"",""participant"":114,""block"":2,""trial"":156,""stimulus"":""target"",""lsl_t"":7126.570437}"
"7128.679619585357","{""event"":""trial_onset"",""participant"":114,""block"":2,""trial"":157,""stimulus"":""target"",""lsl_t"":7128.679645}"
"7130.787185664681","{""event"":""trial_onset"",""participant"":114,""block"":2,""trial"":158,""stimulus"":""target"",""lsl_t"":7130.787211}"
"7132.893471744018","{""event"":""trial_onset"",""participant"":114,""block"":2,""trial"":159,""stimulus"":""nonTarget"",""lsl_t"":7132.893497}"
"7135.001812223336","{""event"":""trial_onset"",""participant"":114,""block"":2,""trial"":160,""stimulus"":""target"",""lsl_t"":7135.001838}"
"7137.111714502637","{""event"":""trial_onset"",""participant"":114,""block"":2,""trial"":161,""stimulus"":""target"",""lsl_t"":7137.111740}"
"7139.119734582939","{""event"":""BLOCK_END"",""participant"":114,""block"":2,""lsl_time_s"":7139.119760}"
